ID,product_type,size,text,rating
1,Multi-purpose ladder,12ft,great daraz kept connection receive ladder later called make sure delivery ok super packaging super product,5
2,Multi-purpose ladder,12ft,good qualityyou dont say anything say good loke ah hodata wada break number innings ladder,5
3,Multi-purpose ladder,12ft,good quality recommended,5
4,Multi-purpose ladder,12ft,good condition quick service,5
5,Multi-purpose ladder,12ft,thanks daraz product deliverd time safe packing good priduct happy satisfied strong correct weight invoice waranty card user instruction recived product details filled warranty cardits blank attched referance good practice request want increase sales done customers satisfaction give comment user friendlyness durability need little time way overall quality product,5
6,Multi-purpose ladder,12ft,please tell could get warranty card,5
7,Multi-purpose ladder,12ft,thank daraz,5
8,Multi-purpose ladder,12ft,innings knownheavy thoughtcame quicklyits worth goalbut responsibilities sentnever reply messagethats problem,5
9,Multi-purpose ladder,12ft,looks like durable im satisfied purchase highly recommended product also seller,5
10,Multi-purpose ladder,12ft,item arrived well packed well built quick delivery first time using multi purpose ladder positive experience,5
11,Multi-purpose ladder,12ft,product highest fair value price paid sturdy ladder superior finish,5
12,Multi-purpose ladder,12ft,excellent build quality locks working really satisfied purchase,5
13,Multi-purpose ladder,12ft,good dont think twice strong win,5
14,Multi-purpose ladder,12ft,genuine product came time fast shipping highly recommend,5
15,Multi-purpose ladder,12ft,good quality product thanks sellar daraz,5
16,Multi-purpose ladder,12ft,product described quality good delivered within days,5
17,Multi-purpose ladder,12ft,recently delivered good product home use really satisfied,5
18,Multi-purpose ladder,12ft,recommended heavyduty,5
19,Multi-purpose ladder,12ft,top quality strong durable ladder value money,5
20,Multi-purpose ladder,12ft,good packing solid item,5
21,Multi-purpose ladder,12ft,good product heavier expected,5
22,Multi-purpose ladder,12ft,good product didnt receive invoice,5
23,Multi-purpose ladder,12ft,good quality speed delivery,5
24,Multi-purpose ladder,12ft,excellent product delivery late couriers fault,5
25,Multi-purpose ladder,12ft,useful,5
26,Multi-purpose ladder,12ft,best ladder good product,5
27,Multi-purpose ladder,12ft,good product,5
28,Multi-purpose ladder,12ft,solid product im happy purchase,5
29,Multi-purpose ladder,12ft,good product,5
30,Multi-purpose ladder,12ft,supper,5
31,Multi-purpose ladder,12ft,good product stands safe ground solid material joints slighly oiled seller sent quickly daraz deliveryservice needed eternities bring recommendation cant go wrong buying ladder,5
32,Multi-purpose ladder,12ft,product every house,5
33,Multi-purpose ladder,12ft,good quality ladder worth price,4
34,Multi-purpose ladder,12ft,super quality product usual,5
35,Multi-purpose ladder,12ft,good product,5
36,Multi-purpose ladder,12ft,good quality strong product happy daraz service,5
37,Multi-purpose ladder,12ft,great product wrapped well thank,5
38,Multi-purpose ladder,12ft,highly recommended ladder thank swisstech,5
39,Multi-purpose ladder,12ft,great service item delivered days,5
40,Multi-purpose ladder,12ft,good product recommended,5
41,Multi-purpose ladder,12ft,worth money,4
42,Multi-purpose ladder,12ft,sturdy ladder well packed delivered fast,5
43,Multi-purpose ladder,12ft,product okay delivery took days within greater colombo work delivery service,1
44,Multi-purpose ladder,12ft,handy apartments space limited bit heavy takes time getting used happy overall good quality,5
45,Multi-purpose ladder,12ft,excellent utility good build quality useful handy many different situations good proper fitting plank included stand used arch position even additional cost,5
46,Multi-purpose ladder,12ft,locks tight got hand injured well spoke swisstek send replacement technician,5
47,Multi-purpose ladder,12ft,excellent productit worths every rupee spenti weight aroung kg handle without blinkrecommend anyone,5
48,Multi-purpose ladder,12ft,really good useful item home delivery excellentreceived item within days order bad thing seller didnt gave invoiceother positive feedbackslooking forward shop,5
49,Multi-purpose ladder,12ft,fast delivery good packaging damages received warranty card well bit heavy strong structure,5
50,Multi-purpose ladder,12ft,good product seller didnt send invoice warranty card product contacted chat say product good quality need warranty card keep order date mind professional seller,3
51,Multi-purpose ladder,12ft,item received product according description sad thing price reduced later,5
52,Multi-purpose ladder,12ft,perfect good customer service,5
53,Multi-purpose ladder,12ft,fast delivery havent used yet,5
54,Multi-purpose ladder,12ft,super customer service thank,5
55,Multi-purpose ladder,12ft,good product best price,5
56,Multi-purpose ladder,12ft,rd ladder ordered daraz perfect highly recommend seller,5
57,Multi-purpose ladder,12ft,good product best price,5
58,Multi-purpose ladder,12ft,steady strong,5
59,Multi-purpose ladder,12ft,excellent,5
60,Multi-purpose ladder,12ft,good product high build quality easy handle fast delivery,4
61,Multi-purpose ladder,12ft,received good packing product good worth money,5
62,Multi-purpose ladder,12ft,quick delivery good product mentioned warranty card filled,5
63,Multi-purpose ladder,12ft,quality durable product worth money delivery within days,5
64,Multi-purpose ladder,12ft,best efficient ladder lot options highly recommended,5
65,Multi-purpose ladder,12ft,quality product recomend ideal home usage thankyou daraz,5
66,Multi-purpose ladder,12ft,using months good product highly recommended,5
67,Multi-purpose ladder,12ft,highly recommendedgood quality productgood service,5
68,Multi-purpose ladder,12ft,thank much received soon thank much,5
69,Multi-purpose ladder,12ft,happy good sturdy tall yet compact storage,5
70,Multi-purpose ladder,12ft,ladder seems good condition arrival,4
71,Multi-purpose ladder,12ft,ladder seems good condition arrival,5
72,Multi-purpose ladder,12ft,received advertised quality product satisfied,5
73,Multi-purpose ladder,12ft,thank much honest service,5
74,Multi-purpose ladder,12ft,good product details warranty card,5
75,Multi-purpose ladder,12ft,quality product recommend,5
76,Multi-purpose ladder,12ft,thank daraz good,5
77,Multi-purpose ladder,12ft,good product good qulity,5
78,Multi-purpose ladder,12ft,good product expensive,5
79,Multi-purpose ladder,12ft,good quality product,5
80,Multi-purpose ladder,12ft,good product recommend,5
81,Multi-purpose ladder,12ft,super quality material,5
82,Multi-purpose ladder,12ft,thank good item,5
83,Multi-purpose ladder,12ft,good quality product,5
84,Multi-purpose ladder,12ft,best product thanks,4
85,Multi-purpose ladder,12ft,good product,5
86,Multi-purpose ladder,12ft,excellent product,5
87,Multi-purpose ladder,12ft,good product,5
88,Multi-purpose ladder,12ft,good described,5
89,Multi-purpose ladder,12ft,quality product,5
90,Multi-purpose ladder,12ft,good thanks,5
91,Multi-purpose ladder,12ft,useful,5
92,Multi-purpose ladder,12ft,good item,5
93,Multi-purpose ladder,12ft,good product,4
94,Multi-purpose ladder,12ft,good one,5
95,Multi-purpose ladder,12ft,good,5
97,Multi-purpose ladder,16ft,took december discount worth using heavier deal doesnt loss useful thanks,4
98,Multi-purpose ladder,16ft,really high quality product delivered quickly almost everything perfect except one screws bent bent back normal shape everything good screw mishap great product,5
99,Multi-purpose ladder,16ft,quality product useful domestic purposes,5
100,Multi-purpose ladder,16ft,good feature good pratthe price drastically withdrawnit worth using easy keep levelit easy take relaxed relaxationsadhirage well awarehope use,5
101,Multi-purpose ladder,16ft,perfect words,5
102,Multi-purpose ladder,16ft,recommend ladder locks place securely stable work,5
103,Multi-purpose ladder,16ft,quick delivery good packing,5
104,Multi-purpose ladder,16ft,ladder goodthe well pulled along ground cherishedthere record warranty cardso months warranty doesnt matterbut ladder good,3
105,Multi-purpose ladder,16ft,product looks grate build quality quite good con see ladder bending mechanism sure long sprig based ladder folding mechanism work,4
106,Multi-purpose ladder,16ft,item good length matching need relatively cheap daraz locks seems little bit dangerous better use care delivery took almost days,4
107,Multi-purpose ladder,16ft,nicely packed delivered earlier expected high quality product seller highly recommended,5
108,Multi-purpose ladder,16ft,good producteverything good,5
109,Multi-purpose ladder,16ft,good quality product way warranty details card,5
110,Multi-purpose ladder,16ft,great ladder user friendly good strength seller packed well damages,5
111,Multi-purpose ladder,16ft,win genuine product fast deliveryworth moneythank,5
112,Multi-purpose ladder,16ft,good quality recommended,5
113,Multi-purpose ladder,16ft,superb quality product placed well ground suitable several jobs fast shipping highly recommended,5
114,Multi-purpose ladder,16ft,fast delivery high quality product seller highly recommended,5
115,Multi-purpose ladder,16ft,good fat guy picture sure sturdiness,5
116,Multi-purpose ladder,16ft,best ladders ever win,5
117,Multi-purpose ladder,16ft,seems good product received proper accessories use bolts nut washers fix support bar ladder please guide,5
118,Multi-purpose ladder,16ft,high quality product timely delivered nicely packed fully recommend product seller,5
119,Multi-purpose ladder,16ft,high quality product,4
120,Multi-purpose ladder,16ft,used almost year good quality product load sedan type cars,5
121,Multi-purpose ladder,16ft,ladder eka shakthiya tikak aduyi samanya mattame wedak karaganna puluwan bara aduyi,3
122,Multi-purpose ladder,16ft,good quality productseller higher recommendthanks daraz,5
123,Multi-purpose ladder,16ft,nicely packed arrived time quality product sri lanka highly recommended,5
124,Multi-purpose ladder,16ft,highly recommend,5
125,Multi-purpose ladder,16ft,thank,5
126,Multi-purpose ladder,16ft,good product delivery perfect tnq,5
127,Multi-purpose ladder,16ft,really appreciate high quality sri lankan product,5
128,Multi-purpose ladder,16ft,product quality good received different spec,4
129,Multi-purpose ladder,16ft,good quality product item arrived indicated,5
130,Multi-purpose ladder,16ft,good product fast delivery satisfied,5
131,Multi-purpose ladder,16ft,satisfied,5
132,Multi-purpose ladder,16ft,good product,5
133,Multi-purpose ladder,16ft,recommended,5
134,Multi-purpose ladder,16ft,good product,5
135,Multi-purpose ladder,16ft,highquality product easy install lightweight product packed nicely,5
136,Multi-purpose ladder,16ft,good one,5
137,Multi-purpose ladder,16ft,super,5
138,Multi-purpose ladder,16ft,quality bad best either corroded places anyway item work item delayed,4
139,Multi-purpose ladder,16ft,took almost weeks ti delivery beyond promised delivery date product looks duralble locks looks bit shakey quality product srilanka review using time,5
140,Multi-purpose ladder,16ft,excellent ordered received within days good packing good product thanks daraz team recommended buytks,5
141,Multi-purpose ladder,16ft,good product really worth,5
142,Multi-purpose ladder,16ft,ladder eka hodatama hodai hoda heavy ekata tynawa,5
143,Multi-purpose ladder,16ft,received package time however product damages hinges locks appeared repainted nickel paint one legs bottom damaged requesting information durability locks hinges,2
144,Multi-purpose ladder,16ft,product good damage,5
145,Multi-purpose ladder,16ft,restricted late,5
146,Multi-purpose ladder,16ft,good quality light weight easy operate properly packed,5
147,Multi-purpose ladder,16ft,got item prior promised date,5
148,Multi-purpose ladder,16ft,red good condition apart little delay im satisfy item another concern paid via sampath bank months installment plan far activated checked bank waiting daraz send required documents plz follow appreciate reply,5
149,Multi-purpose ladder,16ft,red good condition apart little delay im satisfy item another concern paid via sampath bank months installment plan far activated checked bank waiting daraz send required documents plz follow appreciate reply,5
150,Multi-purpose ladder,16ft,recommend,5
151,Multi-purpose ladder,16ft,highly recommend,5
152,Multi-purpose ladder,16ft,genuine product,5
153,Multi-purpose ladder,16ft,good productlate delivery,4
154,Multi-purpose ladder,16ft,value money great product,5
155,Multi-purpose ladder,16ft,win,5
156,Multi-purpose ladder,16ft,tracking issue,5
157,Multi-purpose ladder,16ft,good quality useful product recommend buy,5
158,Multi-purpose ladder,16ft,good strong ladder,5
159,Multi-purpose ladder,16ft,missing bolt nuts,4
160,Multi-purpose ladder,16ft,good product,5
161,Multi-purpose ladder,16ft,good product,4
162,Multi-purpose ladder,16ft,ladder convenient handle thought would still found adequate ladder,4
163,Multi-purpose ladder,16ft,quality ladder good easy operate less heavy swisstek known aluminium ladders,5
164,Multi-purpose ladder,16ft,goid quality product fast delivery ft perfect size home use others long short,5
165,Multi-purpose ladder,16ft,talking two weeks later took mark thousand timesso still havent made installment planproduction doesnt problems,2
166,Multi-purpose ladder,16ft,quality product im bit concern long locks joint last without failing lock fail climbing life danger hope safety measures prevent situation,5
167,Multi-purpose ladder,16ft,item described good quality month seller warranty mentioned sitebut didnt received document thathow ever quality product pricei recommended,5
168,Multi-purpose ladder,16ft,brand new excellent ladder worth price pretty solid shaky secure packaging fast delivery great job swisstek highly recommended thank,5
169,Multi-purpose ladder,16ft,received ladder days back well packed quality product recommend heavy use well,5
170,Multi-purpose ladder,16ft,good product working fine win,5
171,Multi-purpose ladder,16ft,good quality product delivery quick well locking mechanism seems solid safe,5
172,Multi-purpose ladder,16ft,nicely packeddeliverd earlier expectedgood producthighly recommended seller,5
173,Multi-purpose ladder,16ft,win daraz best product,5
174,Multi-purpose ladder,16ft,thanks,5
175,Multi-purpose ladder,16ft,received good condition recommended best quality thanks daraz,5
176,Multi-purpose ladder,16ft,good quality product feel better would wider another inches,5
177,Multi-purpose ladder,16ft,unexpectedly received goods early quality product well packed,4
178,Multi-purpose ladder,16ft,fast delivery ladder actually good quality also good,5
179,Multi-purpose ladder,16ft,product quality excellent really useful daytoday work,5
180,Multi-purpose ladder,16ft,good product get local hw low price,3
181,Multi-purpose ladder,16ft,deliver delayed received via third party courier service,5
182,Multi-purpose ladder,16ft,pleased product sturdy ladder,5
183,Multi-purpose ladder,16ft,fast delivery good product highly recommend,5
184,Multi-purpose ladder,16ft,good product become childrens toy,5
185,Multi-purpose ladder,16ft,quick deliveryvery good productmicely packed,5
186,Multi-purpose ladder,16ft,good item great valuable money,5
187,Multi-purpose ladder,16ft,quality good days arrived,5
188,Multi-purpose ladder,16ft,using bad useful household work,5
189,Multi-purpose ladder,16ft,good one received expected date,5
190,Multi-purpose ladder,16ft,good one received expected date,5
191,Multi-purpose ladder,16ft,good product delivery fast,5
192,Multi-purpose ladder,16ft,quality product received time thanks,5
193,Multi-purpose ladder,16ft,looks sturdy value money,5
194,Multi-purpose ladder,16ft,superb quality packed safty,5
195,Multi-purpose ladder,16ft,well packaged valueble money,5
196,Multi-purpose ladder,16ft,good package keeo,5
197,Multi-purpose ladder,16ft,excellent quickly product,5
198,Multi-purpose ladder,16ft,good product fast delivery,5
199,Multi-purpose ladder,16ft,fast delivery good seller,5
200,Multi-purpose ladder,16ft,product quality great,5
201,Multi-purpose ladder,16ft,good item per described,5
202,Multi-purpose ladder,16ft,good qualityrecomenderd,5
203,Multi-purpose ladder,16ft,thnx super product,5
204,Multi-purpose ladder,16ft,good quality product,5
205,Multi-purpose ladder,16ft,good solid product,5
206,Multi-purpose ladder,16ft,excellent product,5
207,Multi-purpose ladder,16ft,thanks much,5
208,Multi-purpose ladder,16ft,good produc,5
209,Multi-purpose ladder,16ft,great product,5
210,Multi-purpose ladder,16ft,good product,5
211,Multi-purpose ladder,16ft,good product,5
212,Multi-purpose ladder,16ft,good,5
213,Multi-purpose ladder,16ft,applied emi payment sampath credit card activated,1
214,Multi-purpose ladder,16ft,good product,5
215,Multi-purpose ladder,16ft,bad service,1
216,Multi-purpose ladder,16ft,sent blank warranty card without filling anything stamped mentioned date purchase anything im sure whether provie valid warranty online purchases daraz order number thats prove ladder brought,2
217,Multi-purpose ladder,16ft,poor everything delivery communication terrible,1
218,Multi-purpose ladder,16ft,exellent damage,1
219,Multi-purpose ladder,16ft,good itam,5
220,Multi-purpose ladder,16ft,best one,5
222,Multi-purpose ladder,16ft,super,5
223,Multi-purpose ladder,16ft,good,5
224,Multi-purpose ladder,16ft,good,5
226,Multi-purpose ladder,20ft,good product value money good job seller daraz,5
227,Multi-purpose ladder,20ft,delivery service poor ordered th january received th february many times called daraz jetex satisfying delivery service,3
228,Multi-purpose ladder,20ft,service easy suffer opsaving strong unbelieving,5
229,Multi-purpose ladder,20ft,long time believed able use lot,5
230,Multi-purpose ladder,20ft,great inningsfashion goodgood sellerthey respond quickly friendly service,5
231,Multi-purpose ladder,20ft,packed wellit lot delay received,4
232,Multi-purpose ladder,20ft,locks levers show properly monitoring,4
233,Multi-purpose ladder,20ft,product excellent quality arrived perfect condition satisfied purchase,5
234,Multi-purpose ladder,20ft,arrived time good quality described well packed excellent delivery communication,5
235,Multi-purpose ladder,20ft,fast delivery delivered within days packed well delivered carefully thank seller recommend others,5
236,Multi-purpose ladder,20ft,discount price weight around kg low weight quality good aluminum received within days properly sealed delivered,5
237,Multi-purpose ladder,20ft,great reasonable price superbly safely packed delivered received less days order thank much daraz deal ladder valuable price material remarkable excellent service keep good work,5
238,Multi-purpose ladder,20ft,hiquality productdelivered within dayshighly recommended sellerthank,5
239,Multi-purpose ladder,20ft,delivery within daysits good itemwell packedno issuerecommended others,5
240,Multi-purpose ladder,20ft,good product value money original quality product,5
241,Multi-purpose ladder,20ft,received within days package well cod item fine offer prices ft x ft,5
242,Multi-purpose ladder,20ft,superb item well packed useful ladder love,5
243,Multi-purpose ladder,20ft,good product,5
244,Multi-purpose ladder,20ft,good manufacturer wellpacked product wellpaced negligence house productive product,5
245,Multi-purpose ladder,20ft,good packingvery useful quality item,5
246,Multi-purpose ladder,20ft,useful product great build qualityhighly recommend,5
247,Multi-purpose ladder,20ft,item quality described worth price,5
248,Multi-purpose ladder,20ft,brilliant production glad kind ladder light weightcomfortable durable thank seller,5
249,Multi-purpose ladder,20ft,quality product highly recommended,5
250,Multi-purpose ladder,20ft,jetex win,5
251,Multi-purpose ladder,20ft,worth money well packed delivered exact date win,5
252,Multi-purpose ladder,20ft,received item unexpectedly short duration seems solid described,5
253,Multi-purpose ladder,20ft,useful itemi bought ft strong enoughgood packingvalue money,5
254,Multi-purpose ladder,20ft,awesome well packed safely securedit called,5
255,Multi-purpose ladder,20ft,great product worth money spent good courier delivered within days,5
256,Multi-purpose ladder,20ft,good quality product got estimated delivery date also,5
257,Multi-purpose ladder,20ft,delivery delayed minor scratches negligible ladder concern even though swisstec advertised dont charge shipping fee ladders purchase daraz daraz charge rs shipping charges,5
258,Multi-purpose ladder,20ft,advantage itladder good,5
259,Multi-purpose ladder,20ft,superb quality extremely satisfied product product exactly described highly recommend,5
260,Multi-purpose ladder,20ft,one year back purchased feet step ladder still im using without problem product quality good thats purchase feet ladder ladder good quality easy handle heavy thick rubber bush easily keep tile floor climb without anyones help worth price trusted seller thank daraz,5
261,Multi-purpose ladder,20ft,excellent product suitable home use automatic locking mechanism ladder position received product well packed without damages recommend seller,5
262,Multi-purpose ladder,20ft,nd ladder easy handled strong reasonable price promotions highly recommend thanks seller daraz,5
263,Multi-purpose ladder,20ft,highly recommendedfast deliveryworth price thanks,5
264,Multi-purpose ladder,20ft,recommended product useful damages fast delivery,5
265,Multi-purpose ladder,20ft,good less strong,5
266,Multi-purpose ladder,20ft,packed well,5
267,Multi-purpose ladder,20ft,good product nice safe packing worth price recommend every one,5
268,Multi-purpose ladder,20ft,ladder good conditionit would better width ladder stepping part width increased,5
269,Multi-purpose ladder,20ft,two sides little slow grounddont breakvery gooddone big job,5
270,Multi-purpose ladder,20ft,good quality ladder,5
271,Multi-purpose ladder,20ft,good quality product recommend,5
272,Multi-purpose ladder,20ft,really best product came good packing,5
273,Multi-purpose ladder,20ft,fully worth must house house work tall building,5
274,Multi-purpose ladder,20ft,satisfied product quality good well built,5
275,Multi-purpose ladder,20ft,excellent ladder high quality recived ladder within one day recommend seller,5
276,Multi-purpose ladder,20ft,lader eka godak hodai thank youdelivery eka chuttak parakku una,5
277,Multi-purpose ladder,20ft,best ladder,5
278,Multi-purpose ladder,20ft,good product,5
279,Multi-purpose ladder,20ft,good portable product useful durable,5
280,Multi-purpose ladder,20ft,good product,5
281,Multi-purpose ladder,20ft,good product delivery little bit slowly,5
282,Multi-purpose ladder,20ft,nd ladder acquired nd ladder product good delivery,5
283,Multi-purpose ladder,20ft,good product excellent customer service,5
284,Multi-purpose ladder,20ft,disappointed since delivery late package damaged might loaded carelessly bought ft one doubt could really handle kg weight cuz climb bends slightly scares us strength ft one somewhat heavy cant handle alone u dont strength,2
285,Multi-purpose ladder,20ft,exellent product sturdy strongly build highly recommend product,5
286,Multi-purpose ladder,20ft,looks ok yet use extended fully stability satisfactory better extra struts make better stability,3
287,Multi-purpose ladder,20ft,good product well packed delivered,5
288,Multi-purpose ladder,20ft,high quality strong ladder shown thank,5
289,Multi-purpose ladder,20ft,superb packing package received two days committed date,5
290,Multi-purpose ladder,20ft,good product recommended,5
291,Multi-purpose ladder,20ft,good build quality worth price highly recommend product,5
292,Multi-purpose ladder,20ft,safely arrieved within days,5
293,Multi-purpose ladder,20ft,useful product great build quality highly recommend,5
294,Multi-purpose ladder,20ft,ladder well packed received parcel two days quality good scaafold taps little unbalance,5
295,Multi-purpose ladder,20ft,good fast delivery value money,5
296,Multi-purpose ladder,20ft,superb good quality,5
297,Multi-purpose ladder,20ft,quality reliable product got delivered next day,5
298,Multi-purpose ladder,20ft,good quality product highly satisfied,5
299,Multi-purpose ladder,20ft,good product fast delivery highly recommended,5
300,Multi-purpose ladder,20ft,value money delivery bit late,4
301,Multi-purpose ladder,20ft,good product,5
302,Multi-purpose ladder,20ft,good productlow wightthank,5
303,Multi-purpose ladder,20ft,good product genuine product ever price high thanks,5
304,Multi-purpose ladder,20ft,good fast deliver thanks,5
305,Multi-purpose ladder,20ft,good worth money thank,5
306,Multi-purpose ladder,20ft,good productwell packed,5
307,Multi-purpose ladder,20ft,good product highly recommend,5
308,Multi-purpose ladder,20ft,good quality fast delivery useful,5
309,Multi-purpose ladder,20ft,good produced,5
310,Multi-purpose ladder,20ft,valuble good product,5
311,Multi-purpose ladder,20ft,product good quality,5
312,Multi-purpose ladder,20ft,high recommend,5
313,Multi-purpose ladder,20ft,good quality product,5
314,Multi-purpose ladder,20ft,useful product,4
315,Multi-purpose ladder,20ft,highly recommended,5
316,Multi-purpose ladder,20ft,price item frequently changed fixed price look like haggling,5
317,Multi-purpose ladder,20ft,high quality product exceeded expectation quality wise genuine seller highly recommended purchase seller,5
318,Multi-purpose ladder,20ft,good product,5
319,Multi-purpose ladder,20ft,described,5
320,Multi-purpose ladder,20ft,good product,5
321,Multi-purpose ladder,20ft,excellent product sturdy manageable,5
322,Multi-purpose ladder,20ft,good,5
323,Multi-purpose ladder,20ft,good product,5
324,Multi-purpose ladder,20ft,good product,5
325,Multi-purpose ladder,20ft,great job daraz seller thanks job recommend ladder try feel hope use time give feedback later,5
326,Multi-purpose ladder,20ft,good,4
327,Multi-purpose ladder,20ft,perfect,5
328,Multi-purpose ladder,20ft,good quality,5
329,Multi-purpose ladder,20ft,returned,1
330,Multi-purpose ladder,20ft,expect much quantity product recommended new buyer dont worry product really high quality product,5
331,Multi-purpose ladder,20ft,observed glitch safety locking mechanism control improve reliability,4
332,Multi-purpose ladder,20ft,product quality good although certis delivery terrible lodge multiple complaints get delivered take note order seller wasnt really helpful well,5
333,Multi-purpose ladder,20ft,highly recommended genuine product,5
334,Multi-purpose ladder,20ft,good item reasonable price thanks,5
335,Multi-purpose ladder,20ft,ladder easy setup different configurations sturdy locks engaged even setup flat work platform configuration wiggle load,5
336,Multi-purpose ladder,20ft,highly recommended,5
337,Multi-purpose ladder,20ft,delivered days quality heavy duty product seen site quite satisfied,5
338,Multi-purpose ladder,20ft,good build quality worth value spent,5
339,Multi-purpose ladder,20ft,good item nice packing thanks daraz,5
340,Multi-purpose ladder,20ft,good qulity fast deliver,5
341,Multi-purpose ladder,20ft,situation precious multipurpos ladderthe goods pack nonsyrup,5
342,Multi-purpose ladder,20ft,one best product ever purchased issue took time understand locking mechanism thanks product,5
343,Multi-purpose ladder,20ft,good product package damaged delivery scratches,4
344,Multi-purpose ladder,20ft,good quality greatly multi purposeshope durability also good,5
345,Multi-purpose ladder,20ft,worst delivery service ever seen,3
346,Multi-purpose ladder,20ft,good quality,5
347,Multi-purpose ladder,20ft,fantastic ladder well recommend thanks shop safe delivery,5
348,Multi-purpose ladder,20ft,quality product recommended,5
349,Multi-purpose ladder,20ft,good peoduct,5
350,Multi-purpose ladder,20ft,ladder arrived safely time packed well probably much bubble wrap,4
351,Multi-purpose ladder,20ft,superb high quality product strong steady,5
352,Multi-purpose ladder,20ft,ok ft climbing less support wobbly beyond,3
353,Multi-purpose ladder,20ft,good quality,5
354,Multi-purpose ladder,20ft,unprofessional service,1
355,Multi-purpose ladder,20ft,discribe quality perfect made hard use thanks,5
356,Multi-purpose ladder,20ft,big handle indoors however bad good heights,4
357,Multi-purpose ladder,20ft,good product,5
358,Multi-purpose ladder,20ft,fast deliver good product,5
359,Multi-purpose ladder,20ft,quality product,5
360,Multi-purpose ladder,20ft,valuable product price,4
361,Multi-purpose ladder,20ft,good product useful,5
362,Multi-purpose ladder,20ft,value money,4
363,Multi-purpose ladder,20ft,good quality description,5
364,Multi-purpose ladder,20ft,great product useful many occasions,5
365,Multi-purpose ladder,20ft,good condition,5
366,Multi-purpose ladder,20ft,perfect product,5
367,Multi-purpose ladder,20ft,good product,5
368,Multi-purpose ladder,20ft,bad deliver comiunication paid card noone known wasted time late deliver,3
369,Multi-purpose ladder,20ft,delivered good condition,5
370,Multi-purpose ladder,20ft,received multi purpose ladder good condition good quality product tested climb win,5
371,Multi-purpose ladder,20ft,good condition happy product nice packaging requested easy payment months sampath cardbut checking card transactions visible please rectify,5
372,Multi-purpose ladder,20ft,well packed cleaned aluminium dust item poor original packaging price high poor quality,3
373,Multi-purpose ladder,20ft,nice product really useful user friendly seller product highly recommended,5
374,Multi-purpose ladder,20ft,high quality manufactured mannerit easy pay placecan packed small space,5
375,Multi-purpose ladder,20ft,received product time delivery team helpful ladder actually strong hesitation recommend anyone interested thanks daraz swisstek,5
376,Multi-purpose ladder,20ft,super product easy mange lightweight steady sway like ladders,5
377,Multi-purpose ladder,20ft,absolutely fantasticquickcly received methis ladder usefullworth pricei recommemded product seller,5
378,Multi-purpose ladder,20ft,even though product amazing service terrible one could say item given time nobody contacts courier unprofessional service took days deliver shipped came country terrible customer service,1
379,Multi-purpose ladder,20ft,receved ladder good condition thank bought sampath bank easy payment schemefor monthsbut checked statement bank chaged oncethey told inform make months instalments please make sure convert instalment payment,5
380,Multi-purpose ladder,20ft,took long time deliver product good quality safely delivered good packing need kind advice change product smaller size product difficult handle inside house please let change product,5
381,Multi-purpose ladder,20ft,fast delivery worth price good product totally guarantee product swissteck,5
382,Multi-purpose ladder,20ft,amazing product high quality fully satisfied productgood home diy use recommended product,5
383,Multi-purpose ladder,20ft,loved productthe warehouse person called make sure got good came well packed manner,5
384,Multi-purpose ladder,20ft,nicely packed delivered time solid ladder thank u swisstek daraz ur tremendous service support,5
385,Multi-purpose ladder,20ft,worth price highly satisfied swisstek kind enough call days get feedback upon usage overall great product,5
386,Multi-purpose ladder,20ft,advertised good product durable home owner buy ft one instead ft little bit harder move around,5
387,Multi-purpose ladder,20ft,used product six months tested ladder extreme conditions recommend superb product,5
388,Multi-purpose ladder,20ft,didnt give bill warranty document even take signature ask nic number clame warranty required,5
389,Multi-purpose ladder,20ft,really good one recommended thank great price bought shipping cost,5
390,Multi-purpose ladder,20ft,good item price cannot handle one person alwsys keep one feet,5
391,Multi-purpose ladder,20ft,good quality product described pay attention delivery took almost one month deliver going buy ask daraz sent abs courier,5
392,Multi-purpose ladder,20ft,worth every penny spent,5
393,Multi-purpose ladder,20ft,good product quality excellent,5
394,Multi-purpose ladder,20ft,good product highly recommended,5
395,Multi-purpose ladder,20ft,excellent product user friendly easy handle highly recommend delivered time,5
396,Multi-purpose ladder,20ft,good product thanks,5
397,Multi-purpose ladder,20ft,good product durable,5
398,Multi-purpose ladder,20ft,good quality product user friendly changing configuration ladder,4
399,Multi-purpose ladder,20ft,delivered days good quality packed well happy service quality,5
400,Multi-purpose ladder,20ft,seems quality product hope last several years without issues,5
401,Multi-purpose ladder,20ft,good product highly recommend seller well quality product well,5
402,Multi-purpose ladder,20ft,thank,5
403,Multi-purpose ladder,20ft,win,5
404,Multi-purpose ladder,20ft,excellent product,5
405,Multi-purpose ladder,20ft,good product,5
406,Multi-purpose ladder,20ft,great,5
407,Multi-purpose ladder,20ft,thanks,5
408,Multi-purpose ladder,20ft,good product,5
409,Multi-purpose ladder,20ft,honestly helpful product easy use compact one brought ft one,5
410,Multi-purpose ladder,20ft,slowest deliver ever daraz orders product seems good,4
411,Multi-purpose ladder,20ft,best service ive received daraz small dent step bar probably damaged delivery agents ladder perfectly usable however messaged seller without much hope surprise seller personally sent brand new ladder doorstep within working days also gifted extra set screws seller kind replies within minutes product really good strong price highly recommending seller product well,5
412,Multi-purpose ladder,20ft,good bit hard set slow delivery time took days,5
413,Multi-purpose ladder,20ft,good product delivery done within hours excellent service,5
414,Multi-purpose ladder,20ft,really helpful well packed fast delivery thank daraz,5
415,Multi-purpose ladder,20ft,rejected time finally ladder received good ladder,5
416,Multi-purpose ladder,20ft,good quality safe deliverythank daraz,5
417,Multi-purpose ladder,20ft,super quality stuff think twice size want,5
418,Multi-purpose ladder,20ft,good quality product would really recommend,5
419,Multi-purpose ladder,20ft,feels sturdy locking mechanism bit stubborn,4
420,Multi-purpose ladder,20ft,really good product mentioned recommended seller,5
421,Multi-purpose ladder,20ft,must item house highly recommended,5
422,Multi-purpose ladder,20ft,good product delivery delayed one month,5
423,Multi-purpose ladder,20ft,received good product worth money thanks,5
424,Multi-purpose ladder,20ft,fast delivery described totally satisfied,5
425,Multi-purpose ladder,20ft,man ladeer oder keruwa hodatama hodai thanks daraz,5
426,Multi-purpose ladder,20ft,useful inningsa lot work done,5
427,Multi-purpose ladder,20ft,placed order unfortunately didnt receive delivery status showing delivered,1
428,Multi-purpose ladder,20ft,product really good received within days,5
429,Multi-purpose ladder,20ft,great quality product really happy buy,5
430,Multi-purpose ladder,20ft,good product worth pricerecommend buy,5
431,Multi-purpose ladder,20ft,good valuable product recommend seller,5
432,Multi-purpose ladder,20ft,product described good quality satisfied,5
433,Multi-purpose ladder,20ft,well packaged delivered useful ladder,5
434,Multi-purpose ladder,20ft,genuine product valued price,5
435,Multi-purpose ladder,20ft,well packing braned goods worth money,5
436,Multi-purpose ladder,20ft,good itam man oder keruwa hodatama hodai,5
437,Multi-purpose ladder,20ft,good quality well packed fast delivery,5
438,Multi-purpose ladder,20ft,good product packed well delivered quickly,5
439,Multi-purpose ladder,20ft,didnt get item please send,1
440,Multi-purpose ladder,20ft,really disappointed although installment payment methods mentioned installment facility,1
441,Multi-purpose ladder,20ft,fast delivery good product home use,5
442,Multi-purpose ladder,20ft,good product heavy useful,5
443,Multi-purpose ladder,20ft,quick deliver good quality thanks,5
444,Multi-purpose ladder,20ft,good quality satisfied mt purchase,5
445,Multi-purpose ladder,20ft,good quality satisfied mt purchase,5
446,Multi-purpose ladder,20ft,highly satisfied item seller,5
447,Multi-purpose ladder,20ft,good quality safely packed delivered,5
448,Multi-purpose ladder,20ft,worth money good one recommended,5
449,Multi-purpose ladder,20ft,excellent productquality excellent,5
450,Multi-purpose ladder,20ft,thank daraz fast service,4
451,Multi-purpose ladder,20ft,great product fast deliver good,5
452,Multi-purpose ladder,20ft,item recieved pristine condition,5
453,Multi-purpose ladder,20ft,delivered next day excellent product,5
454,Multi-purpose ladder,20ft,ideal partner day today home works,5
455,Multi-purpose ladder,20ft,excellent product delivered time,5
456,Multi-purpose ladder,20ft,money well spent excellent ladder,5
457,Multi-purpose ladder,20ft,item well packed works fine,5
458,Multi-purpose ladder,20ft,good item receive days,5
459,Multi-purpose ladder,20ft,recommended delivered qickly,5
460,Multi-purpose ladder,20ft,happy product satisfied,5
461,Multi-purpose ladder,20ft,well worth money,5
462,Multi-purpose ladder,20ft,good product get amazing discount,5
463,Multi-purpose ladder,20ft,good quality value money,5
464,Multi-purpose ladder,20ft,good condition ladder thank,5
465,Multi-purpose ladder,20ft,ladder damaged beyond use,1
466,Multi-purpose ladder,20ft,good useful product,5
467,Multi-purpose ladder,20ft,nice n neat also useful one,5
468,Multi-purpose ladder,20ft,quality product recommended,5
469,Multi-purpose ladder,20ft,useful item good quality,5
470,Multi-purpose ladder,20ft,highly recommend product,5
471,Multi-purpose ladder,20ft,goodly good,5
472,Multi-purpose ladder,20ft,nice product shipped quickly,5
473,Multi-purpose ladder,20ft,good product value money,5
474,Multi-purpose ladder,20ft,quick delivery within two days,5
475,Multi-purpose ladder,20ft,good product worth money,5
476,Multi-purpose ladder,20ft,useful productim happy,5
477,Multi-purpose ladder,20ft,sturdy easy use,5
478,Multi-purpose ladder,20ft,recommended quality product,5
479,Multi-purpose ladder,20ft,thanks darazsgood product,5
480,Multi-purpose ladder,20ft,good product fast delivery,5
481,Multi-purpose ladder,20ft,item great condition,5
482,Multi-purpose ladder,20ft,verry good productthanks,5
483,Multi-purpose ladder,20ft,excellent product service,5
484,Multi-purpose ladder,20ft,good quality recommended,5
485,Multi-purpose ladder,20ft,good product thank,5
486,Multi-purpose ladder,20ft,good product fast delivery,5
487,Multi-purpose ladder,20ft,bit damaging allright,5
488,Multi-purpose ladder,20ft,good product recommended,5
489,Multi-purpose ladder,20ft,good solid product,5
490,Multi-purpose ladder,20ft,good product thank,5
491,Multi-purpose ladder,20ft,good quality product,5
492,Multi-purpose ladder,20ft,good quality product,5
493,Multi-purpose ladder,20ft,good quality product,5
494,Multi-purpose ladder,20ft,good quality product,5
495,Multi-purpose ladder,20ft,good quality product,5
496,Multi-purpose ladder,20ft,everything fine,5
497,Multi-purpose ladder,20ft,handy product,5
498,Multi-purpose ladder,20ft,awesome product,5
499,Multi-purpose ladder,20ft,pretty good,5
500,Multi-purpose ladder,20ft,good product,5
501,Multi-purpose ladder,20ft,average quality,3
502,Multi-purpose ladder,20ft,product good,5
503,Multi-purpose ladder,20ft,quality product,5
504,Multi-purpose ladder,20ft,good product,5
505,Multi-purpose ladder,20ft,worth price,5
506,Multi-purpose ladder,20ft,good product,5
507,Multi-purpose ladder,20ft,quality product,5
508,Multi-purpose ladder,20ft,fast delivery,5
509,Multi-purpose ladder,20ft,good quality,5
510,Multi-purpose ladder,20ft,good product,5
511,Multi-purpose ladder,20ft,described,5
512,Multi-purpose ladder,20ft,good product,5
513,Multi-purpose ladder,20ft,great product,5
514,Multi-purpose ladder,20ft,good product,5
515,Multi-purpose ladder,20ft,good product,5
516,Multi-purpose ladder,20ft,good product,5
517,Multi-purpose ladder,20ft,good product,5
518,Multi-purpose ladder,20ft,good product,5
519,Multi-purpose ladder,20ft,good product,5
520,Multi-purpose ladder,20ft,fast delivery,5
521,Multi-purpose ladder,20ft,good product,5
522,Multi-purpose ladder,20ft,soo helpful,5
523,Multi-purpose ladder,20ft,product good,5
524,Multi-purpose ladder,20ft,good product,5
525,Multi-purpose ladder,20ft,recommended,5
526,Multi-purpose ladder,20ft,cannot safely used scaffolding setting scaffolding setting unbalanced dangerous use ladder good,1
527,Multi-purpose ladder,20ft,middle hinges bending using straight mode stiffness lessafraid climbbut use shape without issue,2
528,Multi-purpose ladder,20ft,thank,5
529,Multi-purpose ladder,20ft,niyamai,5
530,Multi-purpose ladder,20ft,good work,5
532,Multi-purpose ladder,20ft,perfect,5
533,Multi-purpose ladder,20ft,great,5
534,Multi-purpose ladder,20ft,super,5
535,Multi-purpose ladder,20ft,thanks,5
536,Multi-purpose ladder,20ft,good,5
537,Step ladder,10ft,uploaded pictures received product please see decide busy daraz product average quality shipping service keeps getting late call several times get item delivered customer service seller like okay sir yes sir thank sir mean professional buyer asks item answer got item received damages dont know damaged unwrap packaging cut one leg ladder shipping service lateand hurry dont know cant recommend certis lanka sitrek something anyone youre bargain hunter like please purchase directly dealeroverall shopping experience good really sorry,4
538,Step ladder,10ft,greate value price built quality reasonable super sturdy shipping daraz slow took longer time receive need improve shipping time larger goods daraz,4
539,Step ladder,10ft,grate quality ladder stady light weight,5
540,Step ladder,10ft,entire ladder well packedalso delivery sent concessionary price carebut days dilithanks swismek drazz,5
541,Step ladder,10ft,order securelythanks swisstek dures,5
542,Step ladder,10ft,time local delivery time long even though ladder reached jaffna friday th transportation within took another days communication delivery agent poor wasted two whole days waiting delivery quality ladder good seller response satisfied,5
543,Step ladder,10ft,received good condition received fast thanks lot,5
544,Step ladder,10ft,excellent well packed delivered due date,5
545,Step ladder,10ft,good service strong quality ladderthanks,5
546,Step ladder,10ft,one two years came review product still good,4
547,Step ladder,10ft,hi quality low price,5
548,Step ladder,10ft,good product,5
549,Step ladder,10ft,perfect,5
550,Step ladder,10ft,good,5
551,Step ladder,10ft,purchased feet swissttek ladder les one month brokened shape made complain direct customer service wont accept complain told come daraz please kindly attend matter reply immediately kprohan pathirana,1
552,Step ladder,10ft,super,5
553,Step ladder,10ft,daraz shame pick servicevery poor cordinating collecting teamseven seller agreed refund payment since th may still failed arrange pick collect return almost weeksnothing happen even hv updated returnis feet ladderyou send bike riders collect itwhat joke daraz r wasting time asking location every day collect purchased take every effort deliver goods within days see history daraz happened dont hv interest gain dont actively intervene l take never give,5
554,Step ladder,10ft,good ledder use st floor suitable ground floor height much ftftft ok ground floor,5
555,Step ladder,10ft,good quality,5
556,Step ladder,10ft,great product,5
557,Step ladder,10ft,swisstec step ladder delivered well ahead time great service comment product using tilak piyaratne,5
558,Step ladder,10ft,thank best service,5
559,Step ladder,10ft,even though well packed scratches product good though fast delivery,4
560,Step ladder,10ft,good,5
561,Step ladder,10ft,received expected issue delivery fully bubble wrapped package,5
562,Step ladder,10ft,quality productexactly given picture satisfied,5
563,Step ladder,10ft,ordered th may still received,5
564,Step ladder,10ft,good product fast delivery thank,5
565,Step ladder,10ft,good product delivery slow,5
566,Step ladder,10ft,ladder strong poor design leg angle larger,1
567,Step ladder,10ft,product okay price,4
568,Step ladder,10ft,good product recommended,5
569,Step ladder,10ft,product quality good,5
570,Step ladder,10ft,good quality product,5
571,Step ladder,10ft,thanksgood quality,5
572,Step ladder,10ft,good build quality,5
573,Step ladder,10ft,best product,5
575,Step ladder,10ft,good product,5
576,Step ladder,10ft,decent product,5
577,Step ladder,10ft,good,5
578,Step ladder,10ft,solid ladder,5
579,Step ladder,10ft,good product,5
580,Step ladder,10ft,good quality,5
581,Step ladder,10ft,good,5
582,Step ladder,10ft,good,5
583,Step ladder,4ft,ladder delivered carefully fast product good negative comment seller cleaned top ladder shipping dirty one expects purchasing unusednew item win,4
584,Step ladder,4ft,handy item used kitchen rooms take things tall cupboards essay carry sharp edges could minor injuries expect reputed manufacturer take serious improve final touches products,4
585,Step ladder,4ft,thanks daraz new immediate dust,5
586,Step ladder,4ft,good sweet good,5
587,Step ladder,4ft,good received good packaging,5
588,Step ladder,4ft,good quality,5
589,Step ladder,4ft,good quality,5
590,Step ladder,4ft,sturdy ladder edges bit sharp worth price gets job done,4
591,Step ladder,4ft,good product,5
592,Step ladder,4ft,good,5
593,Step ladder,4ft,win good,5
594,Step ladder,4ft,good,5
595,Step ladder,4ft,great product,5
596,Step ladder,4ft,premium quality safety packing damages scratches thanks swisstek daraz win,5
597,Step ladder,4ft,product good took extra long time deliver probably due diesel crisis country,5
598,Step ladder,4ft,dont buy anything seller support purchaseim disapointed dont buy anything,1
599,Step ladder,4ft,good product fast delivery,5
600,Step ladder,4ft,highly recommend product seller,5
601,Step ladder,4ft,hodai haiyath hodai eth curie charter,4
602,Step ladder,4ft,strong ladder worth money,5
603,Step ladder,4ft,opening angle bit small,3
604,Step ladder,4ft,heavy duty useful thank,5
605,Step ladder,4ft,handy use home,5
606,Step ladder,4ft,damage step,2
607,Step ladder,4ft,excellent b win,5
608,Step ladder,4ft,good product,5
609,Step ladder,4ft,good,5
610,Step ladder,6ft,perfect delivered good quality worth money thanks daraz swiss technology,5
611,Step ladder,6ft,product joints fix delivery,5
612,Step ladder,6ft,thankyou daraz swisstek company good packing speed delivery reasonable price use daraz promo voucher gems recommend product,5
613,Step ladder,6ft,product described listing well packed fully worth price overall finishing good need highlight failure quality check reverts left shaped edges endup painful scrachs image attached improvement suggestion would great manufacture add rubber cover edges top step,5
614,Step ladder,6ft,good product recommend seller,5
615,Step ladder,6ft,superb,5
616,Step ladder,6ft,good finish valuable product low price well packing seller communications well thank daraz seller,5
617,Step ladder,6ft,good rapping quality good supply swisstek company,5
618,Step ladder,6ft,ft step ladder delivered yesterday packing good rs sale thanks seller,5
619,Step ladder,6ft,wrong item delivered send one ladder one ladder take,5
620,Step ladder,6ft,fast delivery product ok well packed use full product like,5
621,Step ladder,6ft,received nicely packed good condition well according description shortfalls notised durability checked use tnx,5
622,Step ladder,6ft,good product nicely packingdaraz delivery service also gooddont get fear buy product sellergood qualitythank u much seller daraz,5
623,Step ladder,6ft,good product seller warranty delivered carefully without damage ordered another ladder got delivered,5
624,Step ladder,6ft,superpudt came great better nowits brought work get started,5
625,Step ladder,6ft,packaging excellent damage item quality superb quality worth amount worth itat time purchased worth price almost double time recommending highly recommended note delivery got dealy due fuel situation,5
626,Step ladder,6ft,good one well packed worthy money satisfied,5
627,Step ladder,6ft,light weight build neat durability depends lightbuse guess worth price,5
628,Step ladder,6ft,good recommend product,5
629,Step ladder,6ft,highly recommend using year win,5
630,Step ladder,6ft,superb item thanks,5
631,Step ladder,6ft,good product seller warraty carefully delivered without damage,5
632,Step ladder,6ft,good quality ladder mentioned description everything good win,5
633,Step ladder,6ft,really good affordable price everything looks great ill recommend anyone problem delivery delay fine,5
634,Step ladder,6ft,strong product recommended buy,5
635,Step ladder,6ft,matches description fast delivery good worthy product thank daraz win,5
636,Step ladder,6ft,good product,5
637,Step ladder,6ft,step ladder really good price nothing complain,5
638,Step ladder,6ft,superb,5
639,Step ladder,6ft,thick worth price,4
640,Step ladder,6ft,good product worth price,5
641,Step ladder,6ft,well packed good product recommended,5
642,Step ladder,6ft,good quality thanks daraz,5
643,Step ladder,6ft,well time use,5
644,Step ladder,6ft,good product,5
645,Step ladder,6ft,well packing,5
646,Step ladder,6ft,good product delivered time good condition,5
647,Step ladder,6ft,thank much quality step ladder fast delivery,5
648,Step ladder,6ft,good iam satisfied,5
649,Step ladder,6ft,much time take delivery,5
650,Step ladder,6ft,item damaged received,1
651,Step ladder,6ft,superb fast delivery,5
652,Step ladder,6ft,product worth money,5
653,Step ladder,6ft,product worth money,5
654,Step ladder,6ft,great product,5
655,Step ladder,6ft,good product,5
656,Step ladder,6ft,satisfied,5
657,Step ladder,6ft,delivery service chap deplorable manners,4
658,Step ladder,6ft,good product,5
659,Step ladder,6ft,good,5
660,Step ladder,6ft,good quality,5
661,Step ladder,6ft,good quality original product shipped without issue damages,5
662,Step ladder,6ft,good product thanks,5
663,Step ladder,6ft,advertised thank,5
664,Step ladder,6ft,good product fast delivery,5
665,Step ladder,6ft,great,5
666,Step ladder,6ft,delivery service standard n got delayed,4
667,Step ladder,6ft,good product offers great value money quick hassle free deliver delivered safely packed product brand new condition,5
668,Step ladder,6ft,product good quality delivery service fell short bad customer service went almost km pick item,4
669,Step ladder,6ft,good product worth money well packed,5
670,Step ladder,6ft,good product,5
671,Step ladder,6ft,worth money,5
672,Step ladder,6ft,well packed delivered promptly thanks seller daraz,5
673,Step ladder,6ft,ladder eka patta,5
675,Step ladder,6ft,good quality,5
676,Step ladder,6ft,supiri,5
677,Step ladder,6ft,great,5
678,Step ladder,6ft,good quality,4
679,Step ladder,6ft,finish upto foreign standards al edges smoothened properly,5
680,Step ladder,6ft,light weight strong quality ladder useful household needs,5
681,Step ladder,6ft,delivery lateitem good,4
682,Step ladder,6ft,good,4
683,Step ladder,6ft,amazing product durable good quality,5
684,Step ladder,6ft,excellent product,5
685,Step ladder,6ft,received good condition delivery partner verify supportful item best recommended fie others thanks,5
686,Step ladder,6ft,st ordered ft ladder without delivering days cancelled order delivery attempted fail home didnt go anywhere lost discount order ft ladder amount delivery super fast delivered within days,5
687,Step ladder,6ft,excellent product value money speed delivery expected good delivery service friendly behaviour,5
688,Step ladder,6ft,good company expected reputed company u get good products thank mrslouise pereira,5
689,Step ladder,6ft,poor quality never thought bad really scared climb feel like break part one leg bended received ladder,2
690,Step ladder,6ft,doesnt look sturdy may last long dont carefully use folding smooth,3
691,Step ladder,6ft,picture light wight good stablesome edges sharp worth money satisfy product,5
692,Step ladder,6ft,recommended good quality,5
693,Step ladder,6ft,really good product worth money,5
694,Step ladder,6ft,good product useful one,5
695,Step ladder,6ft,ladder ok strong enough edges sharp risky use think bit expensive,3
696,Step ladder,6ft,good functional step ladder,5
697,Step ladder,6ft,excellent service daraz seller swizztek happy product thank,5
698,Step ladder,6ft,delivered quickly really good quality good strength recommended,5
699,Step ladder,6ft,good product highlly recommended packed well,5
700,Step ladder,6ft,good items,5
701,Step ladder,6ft,good product,5
702,Step ladder,6ft,product delivered right time well wrapped thank,5
703,Step ladder,6ft,product received seen screen product quality also good safely packed,5
704,Step ladder,6ft,superb quality,5
705,Step ladder,6ft,good product valuable priceno damagesthank much daraz,5
706,Step ladder,6ft,recommend product received good shape overall happy,5
707,Step ladder,6ft,material alright climbing ladders bit shaky,3
708,Step ladder,6ft,speedy delivery,5
709,Step ladder,6ft,received ladder good condition time thank,5
710,Step ladder,6ft,havent use yet looks fine damages hope work fine,5
711,Step ladder,6ft,okay use best quality worth price,4
712,Step ladder,6ft,product really good really happy service,5
713,Step ladder,6ft,super fast delivery product excellent condition,5
714,Step ladder,6ft,problems damages worth price fast delivery,5
716,Step ladder,6ft,really worth price really good build quality,5
717,Step ladder,6ft,really worth price really good build quality,5
718,Step ladder,6ft,highly satisfied purchase excellent item,5
719,Step ladder,6ft,worth price reasonable recommend product,5
720,Step ladder,6ft,good itermthanksswisstekdaraz,5
721,Step ladder,6ft,super quick delivery good product thanks,5
722,Step ladder,6ft,heavy duty type ok home u,4
723,Step ladder,6ft,well packed fast delivery quality product,5
724,Step ladder,6ft,worth money ideal home essential,5
725,Step ladder,6ft,good support side strength enough,4
726,Step ladder,6ft,product good delivery late,4
727,Step ladder,6ft,fast delivery good product recommended,5
728,Step ladder,6ft,quality productas described height,5
729,Step ladder,6ft,good product packaging good,5
730,Step ladder,6ft,good product recommend buying,5
731,Step ladder,6ft,good produt take weeks diliver,5
732,Step ladder,6ft,described thank,5
733,Step ladder,6ft,super quantity fast delivery,5
734,Step ladder,6ft,good product quick delivery win,5
735,Step ladder,6ft,quality product fast delivery,5
736,Step ladder,6ft,good product fast delivery,5
737,Step ladder,6ft,excellent productquick delivery,5
738,Step ladder,6ft,good product good condition,5
739,Step ladder,6ft,product goodfair amount,5
740,Step ladder,6ft,good product best price,5
741,Step ladder,6ft,high quality worth price,5
742,Step ladder,6ft,good qualityvalue money,5
743,Step ladder,6ft,good quality best one,5
744,Step ladder,6ft,superb thanks daraz,5
745,Step ladder,6ft,ladder really good,5
746,Step ladder,6ft,light weight durable,5
747,Step ladder,6ft,lowest price best product,5
748,Step ladder,6ft,product good,5
749,Step ladder,6ft,thank ubut late,1
750,Step ladder,6ft,gd product recommended,5
751,Step ladder,6ft,good productrecommended,5
752,Step ladder,6ft,good product,5
753,Step ladder,6ft,good item recommended,5
754,Step ladder,6ft,good quality product,5
755,Step ladder,6ft,good quality product,4
756,Step ladder,6ft,good quality product,5
757,Step ladder,6ft,useful products,5
758,Step ladder,6ft,fast deliverythanks,5
759,Step ladder,6ft,excellent,5
760,Step ladder,6ft,excellent product,5
761,Step ladder,6ft,really good,5
762,Step ladder,6ft,good quality item,5
763,Step ladder,6ft,quality product,5
764,Step ladder,6ft,good product,5
765,Step ladder,6ft,good product,5
766,Step ladder,6ft,good product,5
767,Step ladder,6ft,great product,5
768,Step ladder,6ft,good product,5
769,Step ladder,6ft,good quality,5
770,Step ladder,6ft,good product,5
771,Step ladder,6ft,good product,5
772,Step ladder,6ft,good quality,5
773,Step ladder,6ft,good quality,5
774,Step ladder,6ft,good product,5
775,Step ladder,6ft,good product,5
776,Step ladder,6ft,good product,5
777,Step ladder,6ft,good item,5
778,Step ladder,6ft,good,5
779,Step ladder,6ft,good,4
780,Step ladder,6ft,good,5
781,Step ladder,6ft,thanks,5
782,Step ladder,6ft,good,5
783,Step ladder,6ft,good,5
784,Step ladder,6ft,good,5
785,Step ladder,6ft,best,5
786,Step ladder,6ft,good,5
787,Step ladder,6ft,good,5
788,Step ladder,6ft,good,5
789,Step ladder,7ft,good quality product feet height standing,5
790,Step ladder,7ft,win good conditionsexcellent pakingrecommend buy others,4
791,Step ladder,7ft,good quality product good packing fast delivery thank,5
792,Step ladder,7ft,buy product get linete lateter well good,5
793,Step ladder,7ft,good packing good quality,5
794,Step ladder,7ft,good productthanks dalaz,5
795,Step ladder,7ft,got ladder week took long time deliver overall condition ladder worst crow poop dusty looks like old used ladder thought good condition brand swisstek order made feel like right place buy products like customers wont get satisfied deal store please think twice purchasing attached photos well,1
796,Step ladder,7ft,good quality product safely packed n delivered issues,5
797,Step ladder,7ft,fast delivery good product,5
798,Step ladder,7ft,perfect domestic use value money,5
799,Step ladder,7ft,product ok rigidity bit unsatisfied ok indoor use corners smoothed coz cause injuries ive pointed im hoping gum tape coz corners bit sharp,4
800,Step ladder,7ft,super ladder excellent quality cheaper hardware price quality,5
801,Step ladder,7ft,good product,5
802,Step ladder,7ft,aluminium ladder sturdy wellbuilt meets safety standards lightweight yet durable antislip steps stable base making reliable indoor outdoor tasks highly recommended quality performance,5
803,Step ladder,7ft,high quality ladder worth price recommended house worksfree shipping win,5
804,Step ladder,7ft,received product perfect condition issues liked product,5
805,Step ladder,7ft,fast deliverywith dayproduct valive money goog quality,4
806,Step ladder,7ft,well nothing packets well packed,4
807,Step ladder,7ft,overall good product much heavier expected also two sharp parts picture harm skin,3
808,Step ladder,7ft,think good value money fast delivery photo taken wideangle lens ladder might look taller,5
809,Step ladder,7ft,really worth price thanks daraz like future also,5
810,Step ladder,7ft,item broken receivingdont ever buy,1
811,Step ladder,7ft,good product recommend,5
812,Step ladder,7ft,well packed quick delivery worth price paid,5
813,Step ladder,7ft,good product high quality fast delivery win,5
814,Step ladder,7ft,received days complete packing value money thanks daraz,5
815,Step ladder,7ft,hodak hodak,5
816,Step ladder,7ft,good make sure sand edges,5
817,Step ladder,7ft,good delivery time taken days,5
818,Step ladder,7ft,worth money good product damages thank,5
819,Step ladder,7ft,swisstek best quality branded product recommended,5
820,Step ladder,7ft,recommend satisfied thanks daraz worth every penny,5
821,Step ladder,7ft,good shown images reasonable,5
822,Step ladder,7ft,good product safe delivery damages,5
823,Step ladder,7ft,good product,5
824,Step ladder,7ft,worst delevery experience,5
825,Step ladder,7ft,good worth money,5
826,Step ladder,7ft,good product monythanks daraz,5
827,Step ladder,7ft,good condition reccomond seller,5
828,Step ladder,7ft,bad good,5
829,Step ladder,7ft,recommended really good,5
830,Step ladder,7ft,good quality fast delivery,5
831,Step ladder,7ft,highly recommend best product,5
832,Step ladder,7ft,good product recommended,5
833,Step ladder,7ft,superb quality product recommend buy fast delivery like rocket,5
834,Step ladder,7ft,highly recommended,5
835,Step ladder,7ft,good product,5
836,Step ladder,7ft,good product,5
837,Step ladder,7ft,good,5
838,Step ladder,7ft,good,5
839,Step ladder,7ft,good one,5
840,Step ladder,7ft,good,5
841,Step ladder,7ft,described,5
842,Step ladder,7ft,good quality,5
843,Step ladder,7ft,good product,5
844,Step ladder,7ft,hi quality product fast delivery recommended seller,5
845,Step ladder,7ft,good product nicely packed sent,5
846,Step ladder,7ft,good product,5
847,Step ladder,7ft,good,5
848,Step ladder,7ft,ladder best seller best certis delivery service weak,5
849,Step ladder,7ft,prone cuts bruises sharp cut aluminum edges expected better finished product overall worth price,3
850,Step ladder,7ft,order went like k days deliver,4
851,Step ladder,7ft,delayed delivery delivery company name jetex product delivered calling many times customer care jetex,5
852,Step ladder,7ft,absolutely worth price good quality quick delivery,5
853,Step ladder,7ft,good ladder,5
854,Step ladder,7ft,good product picture,5
855,Step ladder,7ft,satisfied good packaging fast delivery,5
856,Step ladder,7ft,value money,5
857,Step ladder,7ft,almost one month taken delivery product really good,3
858,Step ladder,7ft,good item,5
859,Step ladder,7ft,happy purchase good product quick delivery thanks daraz alumex,5
860,Step ladder,7ft,quality checked shipping swisstek company dont quality checkers low price low quality,2
861,Step ladder,7ft,ordered ledder th dec bit still didnt get product,1
862,Step ladder,7ft,would rate possible diagonal crossbars slightly flimsy overall quite good reasonably steady steps total including top deep except topmost step deep bottom step wide steps get progressively narrower th step wide topmost step wide decent rubber feet im reasonably satisfied purchase,5
863,Step ladder,7ft,enough strength aluminium runners,3
864,Step ladder,7ft,satisfied ladder balanced dangerous legs touch ground dangerous climb unsatisfied,2
865,Step ladder,7ft,whoooooits great deal well received item safe packaging highly recommend seller thanks seller daraz also,5
866,Step ladder,7ft,good finishing good value spend,5
867,Step ladder,7ft,good,5
868,Step ladder,7ft,brilliant ladder long recommend buy happy,5
869,Step ladder,7ft,good product,4
870,Step ladder,7ft,products good worth value,5
871,Step ladder,7ft,good item,5
872,Step ladder,7ft,good product,5
873,Step ladder,7ft,good,5
874,Step ladder,7ft,little thin expectedcan use lighter works,3
875,Step ladder,7ft,good product worth price recommend,5
876,Step ladder,7ft,fast delivery within daysproduct perfect condition,4
877,Step ladder,7ft,easy handle worth paying strong easy carry win,5
878,Step ladder,7ft,worth price useful one win,5
879,Step ladder,7ft,product good delivery worse call several times courier daraz get delivered took week deliver product,3
880,Step ladder,7ft,good quality,5
881,Step ladder,7ft,updates govenme impressoon item imported however yesterday got local factory may know,5
882,Step ladder,7ft,product good deliver longweeks supposed deliver timedeliver lodge complain times delayregret service customers,5
883,Step ladder,7ft,one best products ever ordered via daraz swisstek quality aluminium products anybody doubt price tell cheapest price ft ladder colombo area,5
884,Step ladder,7ft,ladder correct material gauge thin shaky purchased company passing similar companies expecting good quality product per brand name came know make poor quality products,2
885,Step ladder,7ft,fast shipping compared users bad jetex experiences different stores im really happy got order seller jetx deliver person nice communicative product also good pictures think posting pictures unnecessary many people already posted xd recommend seller product,5
886,Step ladder,7ft,delivered timelooks good nicely packedreally appreciated fast service provided thank,5
887,Step ladder,7ft,product described quality material grade excellent well finished highly recommended,5
888,Step ladder,7ft,good quality ladder would recommend delivery took days due fuel outage moment overall good,5
889,Step ladder,7ft,good packing good finishing took weeks deliver aluminum plate thickness mm step width cm,4
890,Step ladder,7ft,according delivery status updated delivery attempt failed wrong contacted seller daraz long delay finally got item days fine looks like quality rejected,5
891,Step ladder,7ft,item best household purpose quality item goodnot good going use commercial purposes better select commercial ladder swisstek overall good experience value money ps approx kg weight dont even think buy product go buy commercial ladder,5
892,Step ladder,7ft,good quality swisstek product well care transportation well bubble wrap thanks daraz,5
893,Step ladder,7ft,well packed quick delivery worth price paid advertisement states suited domestic use mainly indoors,5
894,Step ladder,7ft,worth price use day today activities home may strong enough commercial use satisfied product,5
895,Step ladder,7ft,good quality product good service,5
896,Step ladder,7ft,looks like good quality thank,5
897,Step ladder,7ft,meri beaucoup super,5
898,Step ladder,7ft,ladder good quality,5
899,Step ladder,7ft,wowreally helpful,5
900,Step ladder,7ft,received product seller recommended fast shipping worth money thank,5
901,Step ladder,7ft,good product worth price thank daraz took one week delivery,5
902,Step ladder,7ft,seems quality ladder poor compared alumex ladder sharp edges could cause serious injury ive seen similar comments customers seems swistek doesnt care customer feedback usual,5
903,Step ladder,7ft,gapped lareder time right thank daraz,5
904,Step ladder,7ft,good service,5
905,Step ladder,7ft,wow,5
906,Step ladder,7ft,win good,5
907,Step ladder,7ft,good quality product fast delivery recommend product seller,5
908,Step ladder,7ft,simply outstanding dont think twice buy amazing product,5
909,Step ladder,7ft,ideal home use good item great price total length feet,5
910,Step ladder,7ft,super product well packed good seller recommended fast delivery,5
911,Step ladder,7ft,works sturdy gets job done good purchase,5
912,Step ladder,7ft,well packed delivery within days original swisstek item,5
913,Step ladder,7ft,famous draz superbiolay good,5
914,Step ladder,7ft,took days ship item delivered days order,5
915,Step ladder,7ft,much better product need enhance areas packaging,5
916,Step ladder,7ft,recieved time durable materials proper packaging,5
917,Step ladder,7ft,poor qualitynot allstrong enough hold weight,5
918,Step ladder,7ft,good product easy handle light weight thanks daraz,5
919,Step ladder,7ft,good product valued money good quality,5
920,Step ladder,7ft,received safely really quality product recommended,5
921,Step ladder,7ft,thin expected good,4
922,Step ladder,7ft,good product worth price delivered time,5
923,Step ladder,7ft,well packed quality product recommended,5
924,Step ladder,7ft,parts sharp ok,3
925,Step ladder,7ft,good working product worth money recomended,5
926,Step ladder,7ft,strength ok domestic purpose good product,5
927,Step ladder,7ft,average quality ok household use,5
928,Step ladder,7ft,low stronggood work,5
929,Step ladder,7ft,quality product delivery bit late thought,5
930,Step ladder,7ft,fast delivery genuine product useful,5
931,Step ladder,7ft,good product received time nicely packed,5
932,Step ladder,7ft,good product took days deliver,5
933,Step ladder,7ft,product quite good worth cash,5
934,Step ladder,7ft,fast delivery delivered within days,5
935,Step ladder,7ft,deleverd one monthvery poor service,1
936,Step ladder,7ft,fast delivery hours thank,5
937,Step ladder,7ft,perfect acceptable quality,4
938,Step ladder,7ft,edges sharp otherwise issues,5
939,Step ladder,7ft,good productfast delivery thank,5
940,Step ladder,7ft,worth price good product,5
941,Step ladder,7ft,good product see durability thx,5
942,Step ladder,7ft,fastest delivery good product,5
943,Step ladder,7ft,great good product fast delivery,5
944,Step ladder,7ft,fine solid good product,5
945,Step ladder,7ft,really good product satisfied,5
946,Step ladder,7ft,transporter good try get us near lorry collect good feet ladder carpet road double door bus go,2
947,Step ladder,7ft,good product highly recommend,5
948,Step ladder,7ft,good item good servicethanks,5
949,Step ladder,7ft,good product highly recommended,5
950,Step ladder,7ft,good product real time deliverd,5
951,Step ladder,7ft,good product price,5
952,Step ladder,7ft,worst product dont delivered working days deadline,1
953,Step ladder,7ft,fast delivery genuine product,5
954,Step ladder,7ft,nice producto worth price,5
955,Step ladder,7ft,product good price,5
956,Step ladder,7ft,good product good packaging,5
957,Step ladder,7ft,thank good guality,5
958,Step ladder,7ft,excellent quality worth,5
959,Step ladder,7ft,good product worth money,5
960,Step ladder,7ft,best product described,5
961,Step ladder,7ft,received good condition,5
962,Step ladder,7ft,item received thank,5
963,Step ladder,7ft,good quality excellent,5
964,Step ladder,7ft,good product good service,5
965,Step ladder,7ft,goodok price tag,4
966,Step ladder,7ft,great heavy stable,5
967,Step ladder,7ft,good quality product,5
968,Step ladder,7ft,good fast delivery,5
969,Step ladder,7ft,totally satisfied,5
970,Step ladder,7ft,good product,5
971,Step ladder,7ft,good quality thanks,5
972,Step ladder,7ft,verry good product,5
973,Step ladder,7ft,good fast deliver,5
974,Step ladder,7ft,good ladder strong,5
975,Step ladder,7ft,worth price,5
976,Step ladder,7ft,received time,5
977,Step ladder,7ft,supreb product,5
978,Step ladder,7ft,recommended,5
979,Step ladder,7ft,good product,5
980,Step ladder,7ft,quality,5
981,Step ladder,7ft,solid product,5
982,Step ladder,7ft,good product,5
983,Step ladder,7ft,product ok,5
984,Step ladder,7ft,good product,5
985,Step ladder,7ft,good product,5
986,Step ladder,7ft,good quality,5
987,Step ladder,7ft,good product,5
988,Step ladder,7ft,good product,4
989,Step ladder,7ft,good prodect,5
990,Step ladder,7ft,good product,5
991,Step ladder,7ft,good product,5
992,Step ladder,7ft,still used,1
993,Step ladder,7ft,good ladder,5
994,Step ladder,7ft,good product,5
995,Step ladder,7ft,good product,5
996,Step ladder,7ft,good product,5
997,Step ladder,7ft,good product,5
998,Step ladder,7ft,good product,5
999,Step ladder,7ft,good product,4
1000,Step ladder,7ft,good,5
1001,Step ladder,7ft,ladder ok delivery takes weeks,2
1002,Step ladder,7ft,good product good,1
1003,Step ladder,7ft,service poori want th sepi got th seplm un happy custermerlast time situation,1
1004,Step ladder,7ft,meka kawruth ganna epadamege wela thiyena eewa ewanne,1
1005,Step ladder,7ft,good,5
1006,Step ladder,7ft,bad,5
1007,Step ladder,7ft,good,5
1008,Step ladder,7ft,worth,5
1009,Step ladder,7ft,supire,5
1010,Step ladder,7ft,good,5
1011,Step ladder,7ft,good,5
1012,Step ladder,7ft,great,5
1013,Step ladder,7ft,good,5
1014,Step ladder,7ft,good,4
1015,Step ladder,7ft,best,5
1017,Step ladder,7ft,ok,5
1018,Step ladder,8ft,carefully delivered within days total ft wrapped bubble wrapping ensure safety delivery see image good quality product happy purchase thank swissteck aluminum daraz cheers,5
1019,Step ladder,8ft,love rigid lightweight second thought swisstek ladders delivery fast aswell within days seller processed handed item daraz within hours placed order made sure second half day making eligible next day delivery overall great experience swisstek wish company best business,5
1020,Step ladder,8ft,good productwell packed delivered,5
1021,Step ladder,8ft,good quality ladder works,5
1022,Step ladder,8ft,get daysbut goods goodheavy ladderstrongdelivery service good tootalking well without upsetthank much,5
1023,Step ladder,8ft,good product seller quick rectify delivery mistake however daraz deliver partner horrible didnt deliver product sent mail saying delivered came actual delivery delivery guy rude unhappy daraz delivery partner seller good,5
1024,Step ladder,8ft,ladder sturdy lightweight perfect reaching high places around house exactly needed great value price highly recommend thank delivery team fast secure delivery,5
1025,Step ladder,8ft,ladder received described order however appear undergone quality control checks numerous sharp edges present joints ladder seems sufficiently stable strong person average build overall quality concerning,4
1026,Step ladder,8ft,qc rejected item,2
1027,Step ladder,8ft,value money safety speed delivery good services,5
1028,Step ladder,8ft,good product worth price,5
1029,Step ladder,8ft,love product highly recommended,5
1030,Step ladder,8ft,received timeperfect condition,5
1031,Step ladder,8ft,good product good strengh heavyrecommend,5
1032,Step ladder,8ft,great delivery,5
1033,Step ladder,8ft,good product,5
1034,Step ladder,8ft,good product,5
1035,Step ladder,8ft,good service,5
1036,Step ladder,8ft,delivery company awful manipulative claimed called days ago could show call records never calls marked daraz system tried many times asked delivery guy didnt reply please refrain using bad delivery partner least orders,4
1037,Step ladder,8ft,ok,5
1038,Step ladder,8ft,good,5
1039,Step ladder,8ft,prefect,5
1040,Step ladder,8ft,best product value money,5
1041,Step ladder,8ft,excellent,5
1042,Step ladder,8ft,highly recommend product vendor delivery service,5
1043,Step ladder,8ft,product good expected delivery dates given th th october delivered th september however professionalism courier company improve first contact customer check customer available given time delivering product previous deliveries couriers suddenly showed without notice cod order didnt cash hand product delivery date given days day arrived borrow third party think definitely addressed,5
1044,Step ladder,8ft,good fast delivery,5
1045,Step ladder,8ft,edges shap,4
1046,Step ladder,8ft,amazing lader also good condition packing fast delivary quick service exelent tnx daraz swisteck,5
1047,Step ladder,8ft,sharp edges around also quite strong enough steady serves purpose worth price recommend,5
1048,Step ladder,8ft,superb item highly recommended worth money well packed delivered door step,5
1049,Step ladder,8ft,yet opened,5
1050,Step ladder,8ft,good properly packed small delay delivery,4
1051,Step ladder,8ft,well packed damage good product heavy duty,5
1052,Step ladder,8ft,win item received good condition thank,5
1053,Step ladder,8ft,good found shop low price k buy less k hardware,5
1054,Step ladder,8ft,super product,5
1055,Step ladder,8ft,ladder good even though sharp edges need careful handing,5
1056,Step ladder,8ft,comfortable safe,5
1057,Step ladder,8ft,quality good,5
1058,Step ladder,8ft,though delivered u hav sent msg saying delayed,1
1059,Step ladder,8ft,excellent seller fast shipping thanks,5
1060,Step ladder,8ft,really good product fast delivery,5
1061,Step ladder,8ft,described value price,5
1062,Step ladder,8ft,good quality productwell packed,5
1063,Step ladder,8ft,ladder worth full,5
1064,Step ladder,8ft,good quality product,5
1065,Step ladder,8ft,good recommend,5
1066,Step ladder,8ft,recommend buy,5
1067,Step ladder,8ft,good product,5
1068,Step ladder,8ft,good product,5
1069,Step ladder,8ft,product described quality product delayed days provided date delivery ordered sampath credit card months installment plan converted installment plan pay full amount beware go installment plans credit cards,5
1070,Step ladder,8ft,good,5
1071,Step ladder,8ft,cool,5
